timestamp,service,operation,model,light_model,prompt_tokens,completion_tokens,total_tokens,prompt_chars,completion_chars,duration_seconds,tokens_per_second,tokens_per_minute,num_es_logs,num_chroma_chunks,elastic_logs_limit,chroma_chunks_limit,events_considered,question_tokens,context_tokens,question_chars,context_chars,actual_anomalies,detected_anomalies,precision,prompt_preview,response_preview,success,error_message,meta_log_limit,meta_mode
2025-11-08T19:35:23.140618,chat,rag_prompt_test,gpt-oss:120b,gpt-oss:120b,1346,75,1421,19339,762,262.13,0.286,17.167,5,0,5,0,5,12,1220,76,18408,4,0,20.0,"Contexto (logs e políticas relevantes, tens de responder baseando-te nas políticas fornecidas, as políticas estão depoi…","{ ""evaluations"": [ { ""_id"": ""Aj4wdpkBNUCXPhCJABW6"", ""is_anomaly"": false, ""reason"": ""Operação criptográfica legítima (Re…",yes,,5,auto
2025-11-08T19:39:48.188226,chat,rag_prompt_test,gpt-oss:120b,gpt-oss:120b,5826,7,5833,89679,56,264.657,0.026,1.587,25,0,25,0,25,12,5700,76,88748,24,0,4.0,"Contexto (logs e políticas relevantes, tens de responder baseando-te nas políticas fornecidas, as políticas estão depoi…","{ ""evaluations"": [], ""summary"": ""formato inválido"" }",yes,,25,auto
2025-11-08T19:54:33.505070,chat,rag_prompt_test,gpt-oss:120b,gpt-oss:120b,11426,871,12297,177592,9837,884.859,0.984,59.06,50,0,50,0,50,12,11300,76,176661,44,107,52.0,"Contexto (logs e políticas relevantes, tens de responder baseando-te nas políticas fornecidas, as políticas estão depoi…","{ ""evaluations"": [ {""_id"": ""zT4wdpkBNUCXPhCJABS6"", ""is_anomaly"": true, ""reason"": ""event_id not allowed""}, {""_id"": ""zj4w…",yes,,50,auto
2025-11-08T19:58:01.574406,chat,rag_prompt_test,gpt-oss:120b,deepseek-r1:8b,1346,88,1434,19339,832,207.672,0.424,25.425,5,0,5,0,5,12,1220,76,18408,4,0,20.0,"Contexto (logs e políticas relevantes, tens de responder baseando-te nas políticas fornecidas, as políticas estão depoi…","{ ""evaluations"": [ { ""_id"": ""Aj4wdpkBNUCXPhCJABW6"", ""is_anomaly"": false, ""reason"": ""Evento 5061 com ReturnCode 0x0 cons…",yes,,5,auto
2025-11-08T20:02:10.438968,chat,rag_prompt_test,gpt-oss:120b,deepseek-r1:8b,5826,5,5831,89679,50,248.438,0.02,1.208,25,0,25,0,25,12,5700,76,88748,24,0,4.0,"Contexto (logs e políticas relevantes, tens de responder baseando-te nas políticas fornecidas, as políticas estão depoi…","{""evaluations"": [], ""summary"": ""formato inválido""}",yes,,25,auto
2025-11-08T20:10:49.860127,chat,rag_prompt_test,gpt-oss:120b,deepseek-r1:8b,11426,283,11709,177592,2965,519.081,0.545,32.712,50,0,50,0,50,12,11300,76,176661,44,0,12.0,"Contexto (logs e políticas relevantes, tens de responder baseando-te nas políticas fornecidas, as políticas estão depoi…","{ ""evaluations"": [ {""_id"": ""9z4wdpkBNUCXPhCJABS6"", ""is_anomaly"": false, ""reason"": ""Não corresponde a regras""}, {""_id"": …",yes,,50,auto
2025-11-08T20:14:20.645943,chat,rag_prompt_test,gpt-oss:120b,gemma3:4b,1346,85,1431,19339,793,208.72,0.407,24.435,5,0,5,0,5,12,1220,76,18408,4,0,20.0,"Contexto (logs e políticas relevantes, tens de responder baseando-te nas políticas fornecidas, as políticas estão depoi…","{ ""evaluations"": [ { ""_id"": ""Aj4wdpkBNUCXPhCJABW6"", ""is_anomaly"": false, ""reason"": ""Evento 5061 com ReturnCode 0x0, reg…",yes,,5,auto
2025-11-08T20:23:07.760622,chat,rag_prompt_test,gpt-oss:120b,gemma3:4b,5826,163,5989,89679,1908,526.677,0.309,18.569,25,0,25,0,25,12,5700,76,88748,24,17,48.0,"Contexto (logs e políticas relevantes, tens de responder baseando-te nas políticas fornecidas, as políticas estão depoi…","{ ""evaluations"": [ {""_id"": ""9z4wdpkBNUCXPhCJABS6"", ""is_anomaly"": true, ""reason"": ""Old timestamp""}, {""_id"": ""9D4wdpkBNUC…",yes,,25,auto
2025-11-08T20:33:33.348588,chat,rag_prompt_test,gpt-oss:120b,gemma3:4b,11426,248,11674,177592,2724,625.093,0.397,23.804,50,0,50,0,50,12,11300,76,176661,44,0,12.0,"Contexto (logs e políticas relevantes, tens de responder baseando-te nas políticas fornecidas, as políticas estão depoi…","{ ""evaluations"": [ {""_id"": ""9z4wdpkBNUCXPhCJABS6"", ""is_anomaly"": false, ""reason"": ""No rule triggered""}, {""_id"": ""9j4wdp…",yes,,50,auto
2025-11-08T20:36:59.524138,chat,rag_prompt_test,gpt-oss:120b,qwen3:4b,1346,85,1431,19339,801,205.836,0.413,24.777,5,0,5,0,5,12,1220,76,18408,4,0,20.0,"Contexto (logs e políticas relevantes, tens de responder baseando-te nas políticas fornecidas, as políticas estão depoi…","{ ""evaluations"": [ { ""_id"": ""Aj4wdpkBNUCXPhCJABW6"", ""is_anomaly"": false, ""reason"": ""Evento 5061 com ReturnCode 0x0 cons…",yes,,5,auto
2025-11-08T20:48:50.129937,chat,rag_prompt_test,gpt-oss:120b,qwen3:4b,5826,593,6419,89679,6925,710.175,0.835,50.1,25,0,25,0,25,12,5700,76,88748,24,0,4.0,"Contexto (logs e políticas relevantes, tens de responder baseando-te nas políticas fornecidas, as políticas estão depoi…","{ ""evaluations"": [ {""_id"": ""aF4wdpkBNUCXPhCJABS6"", ""is_anomaly"": false, ""reason"": ""event_id not monitored""}, {""_id"": ""a…",yes,,25,auto
2025-11-08T20:52:57.562579,chat,rag_prompt_test,gpt-oss:120b,qwen3:4b,11426,5,11431,177592,50,247.025,0.02,1.214,50,0,50,0,50,12,11300,76,176661,44,0,12.0,"Contexto (logs e políticas relevantes, tens de responder baseando-te nas políticas fornecidas, as políticas estão depoi…","{""evaluations"": [], ""summary"": ""formato inválido""}",yes,,50,auto
2025-11-08T20:54:13.940379,chat,rag_prompt_test,deepseek-r1:8b,gpt-oss:120b,1346,1866,3212,19339,12274,76.143,24.507,1470.397,5,0,5,0,5,12,1220,76,18408,4,0,20.0,"Contexto (logs e políticas relevantes, tens de responder baseando-te nas políticas fornecidas, as políticas estão depoi…","Since no specific policy.rules are provided in this context, I cannot apply any anomaly detection rules. Therefore, I m…",yes,,5,auto
2025-11-08T21:02:21.280595,chat,rag_prompt_test,deepseek-r1:8b,gpt-oss:120b,5826,20740,26566,89679,136369,487.113,42.577,2554.643,25,0,25,0,25,12,5700,76,88748,24,0,4.0,"Contexto (logs e políticas relevantes, tens de responder baseando-te nas políticas fornecidas, as políticas estão depoi…","<think> ```json { ""eval"": [ 'event.account.display_name': { ""type"":""iml"", ""user_id"" (opcional) , \n""status"": true or fa…",yes,,25,auto
2025-11-08T21:08:02.542653,chat,rag_prompt_test,deepseek-r1:8b,gpt-oss:120b,11426,12731,24157,177592,84737,341.03,37.331,2239.862,50,0,50,0,50,12,11300,76,176661,44,0,12.0,"Contexto (logs e políticas relevantes, tens de responder baseando-te nas políticas fornecidas, as políticas estão depoi…","Elidaocean-Den a =n) Context I need to the problem, I Oopschardale unaa. The contextospany In the )我学龄：**default This i…",no,Resposta do modelo não estava em JSON válido.,50,auto
2025-11-08T21:10:06.410779,chat,rag_prompt_test,deepseek-r1:8b,deepseek-r1:8b,1346,4431,5777,19339,29527,123.723,35.814,2148.84,5,0,5,0,5,12,1220,76,18408,4,0,20.0,"Contexto (logs e políticas relevantes, tens de responder baseando-te nas políticas fornecidas, as políticas estão depoi…","** Contextom^paulinno, contexto IContextocean the given elw The contexttony ao这个课程_w * )对于一个) (中高华山、I need totemploy \(…",yes,,5,auto
2025-11-08T21:10:08.351016,chat,rag_prompt_test,deepseek-r1:8b,deepseek-r1:8b,5826,1,5827,89679,31,1.796,0.557,33.407,25,0,25,0,25,12,5700,76,88748,24,0,4.0,"Contexto (logs e políticas relevantes, tens de responder baseando-te nas políticas fornecidas, as políticas estão depoi…",GGGGGGGGGGGGGGGGGGGGGGGGGGGGGGG,no,Resposta do modelo não estava em JSON válido.,25,auto
2025-11-08T21:10:10.318298,chat,rag_prompt_test,deepseek-r1:8b,deepseek-r1:8b,11426,1,11427,177592,31,1.824,0.548,32.888,50,0,50,0,50,12,11300,76,176661,44,0,12.0,"Contexto (logs e políticas relevantes, tens de responder baseando-te nas políticas fornecidas, as políticas estão depoi…",GGGGGGGGGGGGGGGGGGGGGGGGGGGGGGG,no,Resposta do modelo não estava em JSON válido.,50,auto
2025-11-08T21:10:12.288888,chat,rag_prompt_test,deepseek-r1:8b,gemma3:4b,1346,1,1347,19339,31,1.736,0.576,34.562,5,0,5,0,5,12,1220,76,18408,4,0,20.0,"Contexto (logs e políticas relevantes, tens de responder baseando-te nas políticas fornecidas, as políticas estão depoi…",GGGGGGGGGGGGGGGGGGGGGGGGGGGGGGG,no,Resposta do modelo não estava em JSON válido.,5,auto
2025-11-08T21:10:14.413457,chat,rag_prompt_test,deepseek-r1:8b,gemma3:4b,5826,1,5827,89679,31,1.86,0.538,32.259,25,0,25,0,25,12,5700,76,88748,24,0,4.0,"Contexto (logs e políticas relevantes, tens de responder baseando-te nas políticas fornecidas, as políticas estão depoi…",GGGGGGGGGGGGGGGGGGGGGGGGGGGGGGG,no,Resposta do modelo não estava em JSON válido.,25,auto
2025-11-08T21:10:16.507188,chat,rag_prompt_test,deepseek-r1:8b,gemma3:4b,11426,1,11427,177592,31,1.864,0.536,32.184,50,0,50,0,50,12,11300,76,176661,44,0,12.0,"Contexto (logs e políticas relevantes, tens de responder baseando-te nas políticas fornecidas, as políticas estão depoi…",GGGGGGGGGGGGGGGGGGGGGGGGGGGGGGG,no,Resposta do modelo não estava em JSON válido.,50,auto
2025-11-08T21:10:18.404916,chat,rag_prompt_test,deepseek-r1:8b,qwen3:4b,1346,1,1347,19339,31,1.748,0.572,34.32,5,0,5,0,5,12,1220,76,18408,4,0,20.0,"Contexto (logs e políticas relevantes, tens de responder baseando-te nas políticas fornecidas, as políticas estão depoi…",GGGGGGGGGGGGGGGGGGGGGGGGGGGGGGG,no,Resposta do modelo não estava em JSON válido.,5,auto
2025-11-08T21:10:20.414465,chat,rag_prompt_test,deepseek-r1:8b,qwen3:4b,5826,1,5827,89679,31,1.847,0.541,32.484,25,0,25,0,25,12,5700,76,88748,24,0,4.0,"Contexto (logs e políticas relevantes, tens de responder baseando-te nas políticas fornecidas, as políticas estão depoi…",GGGGGGGGGGGGGGGGGGGGGGGGGGGGGGG,no,Resposta do modelo não estava em JSON válido.,25,auto
2025-11-08T21:10:22.402486,chat,rag_prompt_test,deepseek-r1:8b,qwen3:4b,11426,1,11427,177592,31,1.828,0.547,32.824,50,0,50,0,50,12,11300,76,176661,44,0,12.0,"Contexto (logs e políticas relevantes, tens de responder baseando-te nas políticas fornecidas, as políticas estão depoi…",GGGGGGGGGGGGGGGGGGGGGGGGGGGGGGG,no,Resposta do modelo não estava em JSON válido.,50,auto
2025-11-08T21:10:27.238521,chat,rag_prompt_test,gemma3:4b,gpt-oss:120b,1346,37,1383,19339,323,4.527,8.173,490.398,5,0,5,0,5,12,1220,76,18408,4,1,40.0,"Contexto (logs e políticas relevantes, tens de responder baseando-te nas políticas fornecidas, as políticas estão depoi…","```json { ""evaluations"": [ {""_id"": ""_j4wdpkBNUCXPhCJABS6"", ""is_anomaly"": true, ""reason"": ""Event ID 5379: Account Manage…",yes,,5,auto
2025-11-08T21:10:31.550579,chat,rag_prompt_test,gemma3:4b,gpt-oss:120b,5826,157,5983,89679,1424,4.012,39.134,2348.054,25,0,25,0,25,12,5700,76,88748,24,4,8.0,"Contexto (logs e políticas relevantes, tens de responder baseando-te nas políticas fornecidas, as políticas estão depoi…","```json { ""evaluations"": [ {""_id"": ""6j4wdpkBNUCXPhCJABS6"", ""is_anomaly"": true, ""reason"": ""Event ID 5379: User 'jesus' a…",yes,,25,auto
2025-11-08T21:10:34.181954,chat,rag_prompt_test,gemma3:4b,gpt-oss:120b,11426,68,11494,177592,550,2.352,28.912,1734.722,50,0,50,0,50,12,11300,76,176661,44,1,10.0,"Contexto (logs e políticas relevantes, tens de responder baseando-te nas políticas fornecidas, as políticas estão depoi…","```json { ""evaluations"": [ {""_id"": ""0T4wdpkBNUCXPhCJABS6"", ""is_anomaly"": true, ""reason"": ""Event ID 5379: Enumerar Crede…",yes,,50,auto
2025-11-08T21:10:36.921325,chat,rag_prompt_test,gemma3:4b,deepseek-r1:8b,1346,87,1433,19339,678,2.53,34.381,2062.859,5,0,5,0,5,12,1220,76,18408,4,3,40.0,"Contexto (logs e políticas relevantes, tens de responder baseando-te nas políticas fornecidas, as políticas estão depoi…","```json { ""evaluations"": [ {""_id"": ""_j4wdpkBNUCXPhCJABS6"", ""is_anomaly"": true, ""reason"": ""Event ID 5379: Attempt to enu…",yes,,5,auto
2025-11-08T21:10:40.744719,chat,rag_prompt_test,gemma3:4b,deepseek-r1:8b,5826,134,5960,89679,1129,3.605,37.17,2230.223,25,0,25,0,25,12,5700,76,88748,24,2,8.0,"Contexto (logs e políticas relevantes, tens de responder baseando-te nas políticas fornecidas, as políticas estão depoi…","```json { ""evaluations"": [ {""_id"": ""6j4wdpkBNUCXPhCJABS6"", ""is_anomaly"": true, ""reason"": ""Event ID 5379: User attemptin…",yes,,25,auto
2025-11-08T21:10:43.482891,chat,rag_prompt_test,gemma3:4b,deepseek-r1:8b,11426,71,11497,177592,569,2.515,28.233,1693.952,50,0,50,0,50,12,11300,76,176661,44,2,10.0,"Contexto (logs e políticas relevantes, tens de responder baseando-te nas políticas fornecidas, as políticas estão depoi…","```json { ""evaluations"": [ {""_id"": ""0T4wdpkBNUCXPhCJABS6"", ""is_anomaly"": true, ""reason"": ""Event ID 5379: Enumerar Crede…",yes,,50,auto
2025-11-08T21:10:45.900673,chat,rag_prompt_test,gemma3:4b,gemma3:4b,1346,70,1416,19339,615,2.124,32.958,1977.481,5,0,5,0,5,12,1220,76,18408,4,2,40.0,"Contexto (logs e políticas relevantes, tens de responder baseando-te nas políticas fornecidas, as políticas estão depoi…","```json { ""evaluations"": [ {""_id"": ""_j4wdpkBNUCXPhCJABS6"", ""is_anomaly"": true, ""reason"": ""Event ID 5379: Attempt to enu…",yes,,5,auto
2025-11-08T21:10:48.224589,chat,rag_prompt_test,gemma3:4b,gemma3:4b,5826,40,5866,89679,362,2.009,19.909,1194.533,25,0,25,0,25,12,5700,76,88748,24,1,8.0,"Contexto (logs e políticas relevantes, tens de responder baseando-te nas políticas fornecidas, as políticas estão depoi…","contaba: ```json { ""evaluations"": [ {""_id"": ""6j4wdpkBNUCXPhCJABS6"", ""is_anomaly"": true, ""reason"": ""Eventos de leitura d…",yes,,25,auto
2025-11-08T21:10:51.305423,chat,rag_prompt_test,gemma3:4b,gemma3:4b,11426,93,11519,177592,686,2.764,33.646,2018.784,50,0,50,0,50,12,11300,76,176661,44,2,10.0,"Contexto (logs e políticas relevantes, tens de responder baseando-te nas políticas fornecidas, as políticas estão depoi…","```json { ""evaluations"": [ {""_id"": ""0T4wdpkBNUCXPhCJABS6"", ""is_anomaly"": true, ""reason"": ""Event ID 5379 - Enumerar Cred…",yes,,50,auto
2025-11-08T21:10:53.450455,chat,rag_prompt_test,gemma3:4b,qwen3:4b,1346,59,1405,19339,432,1.915,30.808,1848.505,5,0,5,0,5,12,1220,76,18408,4,1,40.0,"Contexto (logs e políticas relevantes, tens de responder baseando-te nas políticas fornecidas, as políticas estão depoi…","```json { ""evaluations"": [ {""_id"": ""_j4wdpkBNUCXPhCJABS6"", ""is_anomaly"": true, ""reason"": ""Eventos de leitura de credenc…",yes,,5,auto
2025-11-08T21:10:56.885641,chat,rag_prompt_test,gemma3:4b,qwen3:4b,5826,105,5931,89679,898,3.162,33.206,1992.349,25,0,25,0,25,12,5700,76,88748,24,4,8.0,"Contexto (logs e políticas relevantes, tens de responder baseando-te nas políticas fornecidas, as políticas estão depoi…","```json { ""evaluations"": [ {""_id"": ""6j4wdpkBNUCXPhCJABS6"", ""is_anomaly"": true, ""reason"": ""Event ID 5379: Attempt to enu…",yes,,25,auto
2025-11-08T21:10:59.577239,chat,rag_prompt_test,gemma3:4b,qwen3:4b,11426,52,11478,177592,438,2.417,21.516,1290.963,50,0,50,0,50,12,11300,76,176661,44,1,10.0,"Contexto (logs e políticas relevantes, tens de responder baseando-te nas políticas fornecidas, as políticas estão depoi…","걷기 ```json { ""evaluations"": [ {""_id"": ""0T4wdpkBNUCXPhCJABS6"", ""is_anomaly"": true, ""reason"": ""Event ID 5379 - Enumerar C…",yes,,50,auto
2025-11-08T21:11:13.267957,chat,rag_prompt_test,qwen3:4b,gpt-oss:120b,1346,616,1962,19339,3852,13.485,45.679,2740.727,5,0,5,0,5,12,1220,76,18408,4,0,20.0,"Contexto (logs e políticas relevantes, tens de responder baseando-te nas políticas fornecidas, as políticas estão depoi…","Okay, let's see. I need to analyze these logs to check if they are anomalies based on the policy.rules. But wait, the u…",yes,,5,auto
2025-11-08T21:11:40.723260,chat,rag_prompt_test,qwen3:4b,gpt-oss:120b,5826,2185,8011,89679,12731,27.219,80.276,4816.539,25,0,25,0,25,12,5700,76,88748,24,0,4.0,"Contexto (logs e políticas relevantes, tens de responder baseando-te nas políticas fornecidas, as políticas estão depoi…","Okay, let's tackle this problem. So, the user provided a bunch of logs in JSON format and wants me to analyze them usin…",yes,,25,auto
2025-11-08T21:11:58.215326,chat,rag_prompt_test,qwen3:4b,gpt-oss:120b,11426,1167,12593,177592,7251,17.267,67.584,4055.025,50,0,50,0,50,12,11300,76,176661,44,0,12.0,"Contexto (logs e políticas relevantes, tens de responder baseando-te nas políticas fornecidas, as políticas estão depoi…","We are given a JSON object with multiple logs (4 logs in the example). Each log has an ""_id"", ""@timestamp"", and other f…",yes,,50,auto
2025-11-08T21:12:26.212275,chat,rag_prompt_test,qwen3:4b,deepseek-r1:8b,1346,2288,3634,19339,13830,27.854,82.142,4928.515,5,0,5,0,5,12,1220,76,18408,4,0,20.0,"Contexto (logs e políticas relevantes, tens de responder baseando-te nas políticas fornecidas, as políticas estão depoi…","Okay, let's tackle this problem. So, I need to analyze the provided logs according to the policy.rules to determine if …",yes,,5,auto
2025-11-08T21:12:52.318139,chat,rag_prompt_test,qwen3:4b,deepseek-r1:8b,5826,1897,7723,89679,12105,25.949,73.105,4386.322,25,0,25,0,25,12,5700,76,88748,24,0,4.0,"Contexto (logs e políticas relevantes, tens de responder baseando-te nas políticas fornecidas, as políticas estão depoi…","Okay, let's see. I need to analyze the provided logs according to the policy.rules, but wait, the user mentioned applyi…",yes,,25,auto
2025-11-08T21:13:18.737024,chat,rag_prompt_test,qwen3:4b,deepseek-r1:8b,11426,1865,13291,177592,11940,26.264,71.009,4260.514,50,0,50,0,50,12,11300,76,176661,44,1,12.0,"Contexto (logs e políticas relevantes, tens de responder baseando-te nas políticas fornecidas, as políticas estão depoi…","Okay, let's tackle this problem step by step. So, the user provided a bunch of logs in JSON format and wants me to anal…",yes,,50,auto
2025-11-08T21:13:33.968180,chat,rag_prompt_test,qwen3:4b,gemma3:4b,1346,1022,2368,19339,6358,15.002,68.126,4087.555,5,0,5,0,5,12,1220,76,18408,4,0,20.0,"Contexto (logs e políticas relevantes, tens de responder baseando-te nas políticas fornecidas, as políticas estão depoi…","Okay, let's tackle this problem. So, I need to analyze the provided logs and determine if there are any security anomal…",yes,,5,auto
2025-11-08T21:14:11.855921,chat,rag_prompt_test,qwen3:4b,gemma3:4b,5826,2834,8660,89679,17634,37.632,75.309,4518.532,25,0,25,0,25,12,5700,76,88748,24,3,4.0,"Contexto (logs e políticas relevantes, tens de responder baseando-te nas políticas fornecidas, as políticas estão depoi…","Okay, let's tackle this problem step by step. The user provided a JSON object with multiple security logs, each with an…",yes,,25,auto
2025-11-08T21:14:38.624671,chat,rag_prompt_test,qwen3:4b,gemma3:4b,11426,2147,13573,177592,12496,26.533,80.919,4855.144,50,0,50,0,50,12,11300,76,176661,44,0,12.0,"Contexto (logs e políticas relevantes, tens de responder baseando-te nas políticas fornecidas, as políticas estão depoi…","Okay, let's tackle this problem. So, the user provided a bunch of logs in JSON format and wants me to analyze them usin…",yes,,50,auto
2025-11-08T21:15:13.907497,chat,rag_prompt_test,qwen3:4b,qwen3:4b,1346,2416,3762,19339,15235,35.089,68.854,4131.224,5,0,5,0,5,12,1220,76,18408,4,0,20.0,"Contexto (logs e políticas relevantes, tens de responder baseando-te nas políticas fornecidas, as políticas estão depoi…","Okay, let's tackle this problem. So, the user provided a bunch of logs in JSON format and wants me to analyze them acco…",yes,,5,auto
2025-11-08T21:15:45.416485,chat,rag_prompt_test,qwen3:4b,qwen3:4b,5826,2506,8332,89679,14953,31.39,79.835,4790.091,25,0,25,0,25,12,5700,76,88748,24,0,4.0,"Contexto (logs e políticas relevantes, tens de responder baseando-te nas políticas fornecidas, as políticas estão depoi…","Okay, let's tackle this problem. So, I need to analyze the provided logs according to the policy.rules, but wait, the u…",yes,,25,auto
2025-11-08T21:15:54.813374,chat,rag_prompt_test,qwen3:4b,qwen3:4b,11426,634,12060,177592,4094,9.245,68.579,4114.741,50,0,50,0,50,12,11300,76,176661,44,0,12.0,"Contexto (logs e políticas relevantes, tens de responder baseando-te nas políticas fornecidas, as políticas estão depoi…","Okay, let's tackle this problem step by step. So, the task is to analyze the provided logs and apply the rules from pol…",yes,,50,auto
